element,frequency_in_document
Electricity,5.657350572138804
Food,6.385063383761305
Insurance,8.157960037560224
Oil&Gas,11.477610599717128
Pharmaceuticals,4.968415740798798
Real Estate,2.265979291510531
Retail,5.5198739975734314
Technology,9.567746376939779
