PC1,PC2,alias
-0.5207552314897926,-0.30782769143002175,AI
0.9388659827080642,-0.023284712707338267,Collaborative
-0.4181107512182716,0.3311124041373598,Human
