PC1,PC2,alias
-0.7071067811865472,1.1860671332326657e-17,Miro
0.7071067811865475,1.1860671332326659e-17,Noda
