,impact,cost,college,benefits,importance,savings,create,reduction,economic,fashion,organize,their,such,zero,recycling,encouraging,develop,clubs,establish,lake,examples,research,about,host,money
Miro,-0.0016808031295902708,-0.001772211720226843,-0.0014192622747579982,-0.0013204140259268696,-0.0012433281752198015,-0.0014177693761814746,0.00030242777558115233,-0.0010190949753299022,-0.0011814744801512287,0.0002815706876100391,0.0002711421436244814,0.00026071359963892443,0.0002502850556533675,0.0002294279676822536,-0.0006990318689216685,0.0002189994236966972,0.0002189994236966972,0.0002189994236966972,0.00020857087971114013,-0.0008270321361058601,-0.0008270321361058601,-0.0007055745095912424,0.0002937896712994003,0.0001877137917400256,-0.0007088846880907373
Noda,0.0006637830797721082,0.0004343912414399773,0.0004789700496928061,0.0005755115266242844,0.0005391618449621213,0.0003475129931519819,-0.0012338325391422736,0.00047379947072248964,0.00028959416095998493,-0.0011487406398910823,-0.0011061946902654867,-0.0010636487406398912,-0.0010211027910142954,-0.0009360108917631041,0.0004284175585545758,-0.0008934649421375085,-0.0008934649421375085,-0.0008934649421375085,-0.0008509189925119128,0.00020271591267198992,0.00020271591267198992,0.0002934464306856491,-0.0006896353187220039,-0.0007658270932607216,0.00017375649657599095
